<?xml version="1.0" encoding="UTF-8" ?>
<!DOCTYPE struts PUBLIC
"-//Apache Software Foundation//DTD Struts Configuration 2.0//EN"
"http://struts.apache.org/dtds/struts-2.0.dtd">
 
<struts>

	<package name="smartfridge" extends="struts-default">
		<action name="Display" class="com.cs5200.sf.action.SmartFridgeAction">
			<result>pages/login.jsp</result>
		</action>
		<action name="Welcome" class="com.cs5200.sf.action.WelcomeUserAction">
			<result name="success">pages/welcome_user.jsp</result>
		</action>
		
		<action name="getAllProviders" class="com.cs5200.sf.action.SmartFridgeAction" method="fetchPotentialProviders">
			<result name="success">pages/providers.jsp</result>
		</action>
		
		<action name="addProvider" class="com.cs5200.sf.action.SmartFridgeAction" method="addPotentialProviders">
			<result type="stream">
		     <param name="contentType">text/html</param>
		     <param name="inputName">inputStream</param>
		   </result>
		</action>
		
		<action name="deleteProvider" class="com.cs5200.sf.action.SmartFridgeAction" method="deleteCurrentProvider">
			<result type="stream">
		     <param name="contentType">text/html</param>
		     <param name="inputName">inputStream</param>
		   </result>
		</action>
		
		<action name="getAllInventory" class="com.cs5200.sf.action.SmartFridgeAction" method="getAllInventory">
			<result name="success">pages/inventory.jsp</result>
		</action>
		
		<action name="addItemInventory" class="com.cs5200.sf.action.SmartFridgeAction" method="addItemToInventory">
			<result type="stream">
		     <param name="contentType">text/html</param>
		     <param name="inputName">inputStream</param>
		   </result>
		</action>
		
		<action name="deleteItemInventory" class="com.cs5200.sf.action.SmartFridgeAction" method="deleteItemFromInventory">
			<result type="stream">
		     <param name="contentType">text/html</param>
		     <param name="inputName">inputStream</param>
		   </result>
		</action>
		
		<action name="pinItemInventory" class="com.cs5200.sf.action.SmartFridgeAction" method="pinItemFromInventory">
			<result type="stream">
		     <param name="contentType">text/html</param>
		     <param name="inputName">inputStream</param>
		   </result>
		</action>
		
		<action name="updatePinDataInventory" class="com.cs5200.sf.action.SmartFridgeAction" method="updatePinDataInventory">
			<result type="stream">
		     <param name="contentType">text/html</param>
		     <param name="inputName">inputStream</param>
		   </result>
		</action>
		
		<action name="displayOrdering" class="com.cs5200.sf.action.SmartFridgeAction" method="getCategoryForOrder">
			<result name="success">pages/ordering.jsp</result>
		</action>
		
		<action name="populateProducts" class="com.cs5200.sf.action.SmartFridgeAction" method="populateProducts">
			<result name="success">pages/ordering.jsp</result>
		</action>
		
		<action name="populateVendors" class="com.cs5200.sf.action.SmartFridgeAction" method="populateVendors">
			<result name="success">pages/ordering.jsp</result>
		</action>
		
		<action name="addItemToShoppingList" class="com.cs5200.sf.action.SmartFridgeAction" method="addItemToShoppingList">
			<result type="stream">
		     <param name="contentType">text/html</param>
		     <param name="inputName">inputStream</param>
		   </result>
		</action>
		
		<action name="displayShoppingGrid" class="com.cs5200.sf.action.SmartFridgeAction" method="getShoppingListItems">
			<result name="success">pages/shoppingItems.jsp</result>
		</action>
		
		<action name="updateShoppingItemsNtoY" class="com.cs5200.sf.action.SmartFridgeAction" method="getShoppingListItems">
			<result name="success">pages/shoppingItems.jsp</result>
		</action>
		
		<action name="displayProcessedUndProcessed" class="com.cs5200.sf.action.SmartFridgeAction" method="displayProcessedUndProcessed">
			<result name="success">pages/procssdUndrprcssd.jsp</result>
		</action>
		
		<action name="updateItemsUProssdtoProssd" class="com.cs5200.sf.action.SmartFridgeAction" method="displayProcessedUndProcessed">
			<result name="success">pages/procssdUndrprcssd.jsp</result>
		</action>
		
		<action name="manualInvUpdate" class="com.cs5200.sf.action.SmartFridgeAction" method="manualInvUpdate">
			<result type="stream">
			     <param name="contentType">text/html</param>
			     <param name="inputName">inputStream</param>
		   </result>
		</action>
		
		<action name="createNewUser" class="com.cs5200.sf.action.SmartFridgeAction" method="createNewUser">
			<result type="stream">
			     <param name="contentType">text/html</param>
			     <param name="inputName">inputStream</param>
		   </result>
		</action>
		
		<action name="deleteUser" class="com.cs5200.sf.action.SmartFridgeAction" method="deleteUser">
			<result type="stream">
			     <param name="contentType">text/html</param>
			     <param name="inputName">inputStream</param>
		   </result>
		</action>
		
		<action name="validatePlaceOrder" class="com.cs5200.sf.action.SmartFridgeAction" method="validatePlaceOrder">
			<result type="stream">
			     <param name="contentType">text/html</param>
			     <param name="inputName">inputStream</param>
		   </result>
		</action>
		
		<action name="validatePinOrder" class="com.cs5200.sf.action.SmartFridgeAction" method="validatePlaceOrder">
			<result type="stream">
			     <param name="contentType">text/html</param>
			     <param name="inputName">inputStream</param>
		   </result>
		</action>
		
		<action name="displayExpiredExpiring" class="com.cs5200.sf.action.SmartFridgeAction" method="displayExpiredExpiring">
			<result name="success">pages/expiredExpiring.jsp</result>
		</action>
		
		<action name="clearProcessedHist" class="com.cs5200.sf.action.SmartFridgeAction" method="clearProcessedHist">
			<result type="stream">
			     <param name="contentType">text/html</param>
			     <param name="inputName">inputStream</param>
		   </result>
		</action>
		
		<action name="removeFromShopinList" class="com.cs5200.sf.action.SmartFridgeAction" method="removeFromShopinList">
			<result type="stream">
			     <param name="contentType">text/html</param>
			     <param name="inputName">inputStream</param>
		   </result>
		</action>
		
		<action name="removeFromShopinListY" class="com.cs5200.sf.action.SmartFridgeAction" method="removeFromShopinListY">
			<result type="stream">
			     <param name="contentType">text/html</param>
			     <param name="inputName">inputStream</param>
		   </result>
		</action>
		
		<action name="checkItemQuantityInventory" class="com.cs5200.sf.action.SmartFridgeAction" method="checkItemQuantityInventory">
			<result type="stream">
			     <param name="contentType">text/html</param>
			     <param name="inputName">inputStream</param>
		   </result>
		</action>
		
		<action name="displayPromotions" class="com.cs5200.sf.action.SmartFridgeAction" method="displayPromotions">
			<result name="success">pages/promotions.jsp</result>
		</action>
		
		<action name="addPromotions" class="com.cs5200.sf.action.SmartFridgeAction" method="addPromotions">
			<result type="stream">
			     <param name="contentType">text/html</param>
			     <param name="inputName">inputStream</param>
		   </result>
		</action>
	</package>
	
</struts>