<?xml version="1.0" encoding="UTF-8"?>
<data-sources>
	<data-source id="mysql5-15c707dda8b-6c6fa2d2302d3f70" provider="mysql" driver="mysql5" name="MySQL - smartfridge" save-password="true" show-system-objects="true" read-only="false">
		<connection host="localhost" port="3306" server="" database="smartfridge" url="jdbc:mysql://localhost:3306/smartfridge" user="root" type="dev">
			<network-handler type="TUNNEL" id="ssh_tunnel" enabled="false" save-password="false">
				<property name="sshConnectTimeout" value="10000"/>
				<property name="port" value="22"/>
				<property name="authType" value="PASSWORD"/>
			</network-handler>
			<network-handler type="PROXY" id="socks_proxy" enabled="false" save-password="false">
				<property name="socks-port" value="1080"/>
			</network-handler>
			<network-handler type="CONFIG" id="mysql_ssl" enabled="false" save-password="false">
				<property name="ssl.public.key.retrieve" value="false"/>
				<property name="ssl.verify.server" value="true"/>
				<property name="ssl.require" value="false"/>
			</network-handler>
		</connection>
	</data-source>
</data-sources>